Timestamp,EventType,Message
2026-02-02 00:37:03,ACCESS_GRANTED,"User Abhay verified"
2026-02-02 00:37:03,ANOMALY_TIME,"Unusual time: 00:37"
2026-02-02 00:37:03,ANOMALY_IDENTITY,"Multiple Identities (3)"
2026-02-02 00:37:05,ANOMALY_TIME,"Unusual time: 00:37"
2026-02-02 00:37:05,ANOMALY_IDENTITY,"Multiple Identities (3)"
2026-02-02 00:37:08,ACCESS_GRANTED,"User Abhay verified"
2026-02-02 00:37:10,ANOMALY_TIME,"Unusual time: 00:37"
2026-02-02 00:37:10,ANOMALY_IDENTITY,"Multiple Identities (3)"
2026-02-02 00:37:11,ACCESS_DENIED,"ACCESS DENIED - Attempt 1/5"
2026-02-02 00:37:14,ACCESS_DENIED,"ACCESS DENIED - Attempt 2/5"
2026-02-02 00:37:20,ACCESS_DENIED,"ACCESS DENIED - Attempt 3/5"
2026-02-02 00:37:23,ACCESS_DENIED,"ACCESS DENIED - Attempt 4/5"
2026-02-02 00:37:26,ACCESS_DENIED,"ACCESS DENIED - Attempt 5/5"
2026-02-02 00:37:26,LOCKDOWN_START,"Max failed attempts reached"
2026-02-02 00:37:41,LOCKDOWN_END,"Lockdown Lifted"
2026-02-02 00:37:41,ACCESS_GRANTED,"User Abhay verified"
2026-02-02 00:37:45,ANOMALY_TIME,"Unusual time: 00:37"
2026-02-02 00:37:46,ANOMALY_TIME,"Unusual time: 00:37"
2026-02-02 00:37:47,ACCESS_GRANTED,"User Abhay verified"
2026-02-02 00:38:00,ACCESS_GRANTED,"User Abhay verified"
2026-02-02 00:38:01,ANOMALY_TIME,"Unusual time: 00:38"
2026-02-02 00:38:06,ACCESS_GRANTED,"User Abhay verified"
2026-02-02 00:38:06,ANOMALY_TIME,"Unusual time: 00:38"
2026-02-02 00:38:11,ACCESS_DENIED,"ACCESS DENIED - Attempt 1/5"
2026-02-02 00:38:12,ANOMALY_TIME,"Unusual time: 00:38"
2026-02-02 00:38:13,ANOMALY_TIME,"Unusual time: 00:38"
2026-02-02 00:38:17,ACCESS_DENIED,"ACCESS DENIED - Attempt 2/5"
2026-02-02 00:38:20,ACCESS_DENIED,"ACCESS DENIED - Attempt 3/5"
2026-02-02 00:38:23,ANOMALY_TIME,"Unusual time: 00:38"
2026-02-02 00:38:23,ACCESS_DENIED,"ACCESS DENIED - Attempt 4/5"
2026-02-02 00:38:31,ACCESS_DENIED,"ACCESS DENIED - Attempt 5/5"
2026-02-02 00:38:31,LOCKDOWN_START,"Max failed attempts reached"
2026-02-02 00:38:46,LOCKDOWN_END,"Lockdown Lifted"
2026-02-02 00:38:46,ACCESS_GRANTED,"User Abhay verified"
2026-02-02 00:38:48,ACCESS_DENIED,"ACCESS DENIED - Attempt 1/5"
2026-02-02 00:38:51,ACCESS_DENIED,"ACCESS DENIED - Attempt 2/5"
2026-02-02 00:39:00,ACCESS_DENIED,"ACCESS DENIED - Attempt 3/5"
2026-02-02 00:39:12,ACCESS_GRANTED,"User Abhay verified"
2026-02-02 00:39:18,ACCESS_GRANTED,"User Abhay verified"
2026-02-02 00:39:24,ACCESS_GRANTED,"User Abhay verified"
2026-02-02 00:39:33,ACCESS_GRANTED,"User Abhay verified"
2026-02-02 00:39:34,ANOMALY_TIME,"Unusual time: 00:39"
2026-02-02 00:39:34,ANOMALY_TIME,"Unusual time: 00:39"
2026-02-02 00:39:38,ACCESS_DENIED,"ACCESS DENIED - Attempt 1/5"
2026-02-02 00:39:40,ANOMALY_TIME,"Unusual time: 00:39"
2026-02-02 00:39:46,ACCESS_GRANTED,"User Abhay verified"
2026-02-02 00:40:07,ANOMALY_TIME,"Unusual time: 00:40"
2026-02-02 00:40:13,ACCESS_DENIED,"ACCESS DENIED - Attempt 1/5"
2026-02-02 00:40:22,ACCESS_DENIED,"ACCESS DENIED - Attempt 2/5"
2026-02-02 00:40:23,ANOMALY_TIME,"Unusual time: 00:40"
2026-02-02 00:40:24,ACCESS_DENIED,"ACCESS DENIED - Attempt 3/5"
2026-02-02 00:40:26,ANOMALY_TIME,"Unusual time: 00:40"
2026-02-02 00:40:27,ACCESS_DENIED,"ACCESS DENIED - Attempt 4/5"
2026-02-02 00:40:28,ANOMALY_TIME,"Unusual time: 00:40"
2026-02-02 00:40:30,ACCESS_DENIED,"ACCESS DENIED - Attempt 5/5"
2026-02-02 00:40:30,LOCKDOWN_START,"Max failed attempts reached"
2026-02-02 00:40:52,LOCKDOWN_END,"Lockdown Lifted"
2026-02-02 00:41:08,ACCESS_GRANTED,"User Abhay verified"
2026-02-02 00:41:14,ACCESS_GRANTED,"User Abhay verified"
2026-02-02 00:41:20,ACCESS_GRANTED,"User Abhay verified"
2026-02-02 00:41:26,ACCESS_GRANTED,"User Abhay verified"
2026-02-02 00:41:28,ANOMALY_TIME,"Unusual time: 00:41"
2026-02-02 00:41:31,ANOMALY_TIME,"Unusual time: 00:41"
2026-02-02 00:41:32,ACCESS_GRANTED,"User Abhay verified"
2026-02-02 00:41:32,ANOMALY_TIME,"Unusual time: 00:41"
2026-02-02 00:41:38,ACCESS_GRANTED,"User Abhay verified"
2026-02-02 00:41:38,ANOMALY_TIME,"Unusual time: 00:41"
2026-02-02 00:41:47,ACCESS_GRANTED,"User Abhay verified"
2026-02-02 00:41:50,ANOMALY_TIME,"Unusual time: 00:41"
2026-02-02 00:41:52,ACCESS_GRANTED,"User Abhay verified"
2026-02-02 00:41:53,ANOMALY_TIME,"Unusual time: 00:41"
2026-02-02 01:34:24,ACCESS_GRANTED,"User Abhay verified"
2026-02-02 01:34:51,ACCESS_GRANTED,"User Abhay verified"
2026-02-02 01:34:51,ANOMALY_TIME,"Unusual time: 01:34"
2026-02-02 01:34:54,ACCESS_DENIED,"ACCESS DENIED - Attempt 1/5"
2026-02-02 01:34:56,ANOMALY_TIME,"Unusual time: 01:34"
2026-02-02 01:34:57,ACCESS_DENIED,"ACCESS DENIED - Attempt 2/5"
2026-02-02 01:35:03,ACCESS_GRANTED,"User Abhay verified"
2026-02-02 01:35:09,ACCESS_GRANTED,"User Abhay verified"
2026-02-02 01:35:12,ANOMALY_TIME,"Unusual time: 01:35"
2026-02-02 01:35:12,ANOMALY_TIME,"Unusual time: 01:35"
2026-02-02 01:35:16,ACCESS_GRANTED,"User Abhay verified"
2026-02-02 01:35:17,ANOMALY_TIME,"Unusual time: 01:35"
2026-02-02 01:35:18,ANOMALY_TIME,"Unusual time: 01:35"
2026-02-02 01:35:23,ACCESS_DENIED,"ACCESS DENIED - Attempt 1/5"
2026-02-02 01:35:24,ANOMALY_TIME,"Unusual time: 01:35"
2026-02-02 01:35:25,ANOMALY_TIME,"Unusual time: 01:35"
2026-02-02 01:35:26,ACCESS_DENIED,"ACCESS DENIED - Attempt 2/5"
2026-02-02 01:35:29,ACCESS_DENIED,"ACCESS DENIED - Attempt 3/5"
2026-02-02 01:35:31,ANOMALY_TIME,"Unusual time: 01:35"
2026-02-02 01:35:32,ACCESS_DENIED,"ACCESS DENIED - Attempt 4/5"
2026-02-02 01:35:35,ACCESS_DENIED,"ACCESS DENIED - Attempt 5/5"
2026-02-02 01:35:35,LOCKDOWN_START,"Max failed attempts reached"
2026-02-02 01:35:56,LOCKDOWN_END,"Lockdown Lifted"
2026-02-02 01:35:57,ANOMALY_TIME,"Unusual time: 01:35"
2026-02-02 19:44:56,ACCESS_DENIED,"ACCESS DENIED - Attempt 1/5"
2026-02-02 19:44:59,ACCESS_DENIED,"ACCESS DENIED - Attempt 2/5"
2026-02-02 19:45:02,ACCESS_DENIED,"ACCESS DENIED - Attempt 3/5"
2026-02-02 19:45:05,ACCESS_DENIED,"ACCESS DENIED - Attempt 4/5"
2026-02-02 19:45:08,ACCESS_DENIED,"ACCESS DENIED - Attempt 5/5"
2026-02-02 19:45:08,LOCKDOWN_START,"Max failed attempts reached"
2026-02-02 19:45:24,LOCKDOWN_END,"Lockdown Lifted"
2026-02-02 19:45:24,ACCESS_DENIED,"ACCESS DENIED - Attempt 1/5"
2026-02-02 19:45:26,ACCESS_DENIED,"ACCESS DENIED - Attempt 2/5"
2026-02-02 19:45:29,ACCESS_DENIED,"ACCESS DENIED - Attempt 3/5"
2026-02-02 19:45:31,ANOMALY_CONF,"Low Avg Confidence (57.2%)"
2026-02-02 19:45:32,ACCESS_DENIED,"ACCESS DENIED - Attempt 4/5"
2026-02-02 19:45:35,ACCESS_DENIED,"ACCESS DENIED - Attempt 5/5"
2026-02-02 19:45:35,LOCKDOWN_START,"Max failed attempts reached"
2026-02-02 19:45:50,LOCKDOWN_END,"Lockdown Lifted"
2026-02-02 19:45:50,ACCESS_DENIED,"ACCESS DENIED - Attempt 1/5"
2026-02-02 19:45:52,ANOMALY_CONF,"Low Avg Confidence (54.9%)"
2026-02-02 19:45:53,ACCESS_DENIED,"ACCESS DENIED - Attempt 2/5"
2026-02-02 19:45:56,ACCESS_DENIED,"ACCESS DENIED - Attempt 3/5"
2026-02-02 19:55:52,ACCESS_DENIED,"ACCESS DENIED - Attempt 1/5"
2026-02-02 19:56:03,ACCESS_DENIED,"ACCESS DENIED - Attempt 2/5"
2026-02-02 19:56:03,ANOMALY_CONF,"Low Avg Confidence (43.1%)"
2026-02-02 19:56:03,ANOMALY_IDENTITY,"Multiple Identities (3)"
2026-02-02 19:56:05,ACCESS_DENIED,"ACCESS DENIED - Attempt 3/5"
2026-02-02 19:56:08,ACCESS_DENIED,"ACCESS DENIED - Attempt 4/5"
2026-02-02 19:56:12,ACCESS_DENIED,"ACCESS DENIED - Attempt 5/5"
2026-02-02 19:56:13,LOCKDOWN_START,"Max failed attempts reached"
2026-02-02 19:56:28,LOCKDOWN_END,"Lockdown Lifted"
2026-02-02 19:56:28,ACCESS_GRANTED,"User Abhijeet verified"
2026-02-02 19:56:33,ACCESS_DENIED,"ACCESS DENIED - Attempt 1/5"
2026-02-02 19:56:36,ACCESS_DENIED,"ACCESS DENIED - Attempt 2/5"
2026-02-02 19:56:39,ACCESS_DENIED,"ACCESS DENIED - Attempt 3/5"
2026-02-02 19:56:42,ACCESS_DENIED,"ACCESS DENIED - Attempt 4/5"
2026-02-02 19:56:45,ACCESS_DENIED,"ACCESS DENIED - Attempt 5/5"
2026-02-02 19:56:45,LOCKDOWN_START,"Max failed attempts reached"
2026-02-02 19:57:00,LOCKDOWN_END,"Lockdown Lifted"
2026-02-02 19:57:02,ANOMALY_IDENTITY,"Multiple Identities (3)"
2026-02-02 19:57:03,ACCESS_GRANTED,"User Abhay verified"
2026-02-02 19:57:09,ACCESS_GRANTED,"User Abhay verified"
2026-02-02 19:57:11,ACCESS_DENIED,"ACCESS DENIED - Attempt 1/5"
2026-02-02 19:57:14,ACCESS_DENIED,"ACCESS DENIED - Attempt 2/5"
2026-02-02 19:57:17,ACCESS_DENIED,"ACCESS DENIED - Attempt 3/5"
2026-02-02 19:57:20,ACCESS_DENIED,"ACCESS DENIED - Attempt 4/5"
2026-02-02 19:57:23,ACCESS_DENIED,"ACCESS DENIED - Attempt 5/5"
2026-02-02 19:57:23,LOCKDOWN_START,"Max failed attempts reached"
2026-02-02 19:57:38,LOCKDOWN_END,"Lockdown Lifted"
2026-02-02 19:57:38,ACCESS_DENIED,"ACCESS DENIED - Attempt 1/5"
2026-02-02 19:57:43,ACCESS_DENIED,"ACCESS DENIED - Attempt 2/5"
2026-02-02 19:57:45,ACCESS_DENIED,"ACCESS DENIED - Attempt 3/5"
2026-02-02 20:20:26,ACCESS_DENIED,"ACCESS DENIED - Attempt 1/5"
2026-02-02 20:20:47,ACCESS_DENIED,"ACCESS DENIED - Attempt 2/5"
2026-02-02 20:20:50,ACCESS_DENIED,"ACCESS DENIED - Attempt 3/5"
2026-02-02 20:20:54,ACCESS_DENIED,"ACCESS DENIED - Attempt 4/5"
2026-02-02 20:20:56,ACCESS_DENIED,"ACCESS DENIED - Attempt 5/5"
2026-02-02 20:20:56,LOCKDOWN_START,"Max failed attempts reached"
2026-02-02 20:21:11,LOCKDOWN_END,"Lockdown Lifted"
2026-02-02 20:21:11,ACCESS_DENIED,"ACCESS DENIED - Attempt 1/5"
2026-02-02 20:21:14,ANOMALY_CONF,"Low Avg Confidence (58.6%)"
2026-02-02 20:21:16,ACCESS_DENIED,"ACCESS DENIED - Attempt 2/5"
2026-02-02 20:21:19,ACCESS_DENIED,"ACCESS DENIED - Attempt 3/5"
2026-02-02 20:21:21,ANOMALY_CONF,"Low Avg Confidence (51.9%)"
2026-02-02 20:21:25,ACCESS_DENIED,"ACCESS DENIED - Attempt 4/5"
2026-02-02 20:21:26,ANOMALY_CONF,"Low Avg Confidence (49.8%)"
2026-02-02 20:21:29,ACCESS_DENIED,"ACCESS DENIED - Attempt 5/5"
2026-02-02 20:21:29,LOCKDOWN_START,"Max failed attempts reached"
2026-02-02 20:21:44,LOCKDOWN_END,"Lockdown Lifted"
2026-02-02 20:21:44,ACCESS_DENIED,"ACCESS DENIED - Attempt 1/5"
2026-02-02 20:21:47,ACCESS_DENIED,"ACCESS DENIED - Attempt 2/5"
2026-02-02 20:21:50,ACCESS_DENIED,"ACCESS DENIED - Attempt 3/5"
2026-02-02 20:21:54,ACCESS_DENIED,"ACCESS DENIED - Attempt 4/5"
2026-02-02 20:21:57,ACCESS_DENIED,"ACCESS DENIED - Attempt 5/5"
2026-02-02 20:21:57,LOCKDOWN_START,"Max failed attempts reached"
2026-02-02 20:21:57,ANOMALY_CONF,"Low Avg Confidence (43.0%)"
2026-02-02 20:22:12,LOCKDOWN_END,"Lockdown Lifted"
2026-02-02 20:22:12,ACCESS_DENIED,"ACCESS DENIED - Attempt 1/5"
2026-02-02 20:22:15,ACCESS_DENIED,"ACCESS DENIED - Attempt 2/5"
2026-02-02 20:22:18,ACCESS_DENIED,"ACCESS DENIED - Attempt 3/5"
2026-02-02 20:22:21,ACCESS_DENIED,"ACCESS DENIED - Attempt 4/5"
2026-02-02 20:22:24,ACCESS_DENIED,"ACCESS DENIED - Attempt 5/5"
2026-02-02 20:22:24,LOCKDOWN_START,"Max failed attempts reached"
2026-02-02 20:35:52,ACCESS_DENIED,"ACCESS DENIED - Attempt 1/5"
2026-02-02 20:35:55,ACCESS_DENIED,"ACCESS DENIED - Attempt 2/5"
2026-02-02 20:35:57,ACCESS_DENIED,"ACCESS DENIED - Attempt 3/5"
2026-02-02 20:35:57,ANOMALY_CONF,"Low Avg Confidence (49.6%)"
2026-02-02 20:36:05,ACCESS_DENIED,"ACCESS DENIED - Attempt 4/5"
2026-02-02 20:36:05,ANOMALY_CONF,"Low Avg Confidence (59.2%)"
2026-02-02 20:36:07,ACCESS_DENIED,"ACCESS DENIED - Attempt 5/5"
2026-02-02 20:36:07,LOCKDOWN_START,"Max failed attempts reached"
2026-02-02 20:36:22,LOCKDOWN_END,"Lockdown Lifted"
2026-02-02 20:36:22,ACCESS_DENIED,"ACCESS DENIED - Attempt 1/5"
2026-02-02 20:36:25,ACCESS_DENIED,"ACCESS DENIED - Attempt 2/5"
2026-02-02 20:36:27,ANOMALY_CONF,"Low Avg Confidence (59.8%)"
2026-02-02 20:36:28,ANOMALY_CONF,"Low Avg Confidence (59.7%)"
2026-02-02 20:36:28,ACCESS_DENIED,"ACCESS DENIED - Attempt 3/5"
2026-02-02 20:36:32,ACCESS_DENIED,"ACCESS DENIED - Attempt 4/5"
2026-02-02 20:36:40,ACCESS_DENIED,"ACCESS DENIED - Attempt 5/5"
2026-02-02 20:36:40,LOCKDOWN_START,"Max failed attempts reached"
2026-02-02 20:45:46,ACCESS_DENIED,"ACCESS DENIED - Attempt 1/5"
2026-02-02 20:46:00,ACCESS_DENIED,"ACCESS DENIED - Attempt 2/5"
2026-02-02 20:46:01,ANOMALY_CONF,"Low Avg Confidence (28.6%)"
2026-02-02 20:46:02,ACCESS_DENIED,"ACCESS DENIED - Attempt 3/5"
2026-02-02 20:46:03,ANOMALY_CONF,"Low Avg Confidence (15.1%)"
2026-02-02 20:46:08,ACCESS_GRANTED,"User Abhay verified"
2026-02-02 20:46:19,ACCESS_GRANTED,"User Abhijeet verified"
2026-02-02 20:46:26,ACCESS_DENIED,"ACCESS DENIED - Attempt 1/5"
2026-02-02 20:46:29,ACCESS_DENIED,"ACCESS DENIED - Attempt 2/5"
2026-02-02 20:46:32,ACCESS_DENIED,"ACCESS DENIED - Attempt 3/5"
2026-02-02 20:46:35,ACCESS_DENIED,"ACCESS DENIED - Attempt 4/5"
2026-02-02 20:46:38,ACCESS_DENIED,"ACCESS DENIED - Attempt 5/5"
2026-02-02 20:46:38,LOCKDOWN_START,"Max failed attempts reached"
2026-02-02 20:46:53,LOCKDOWN_END,"Lockdown Lifted"
2026-02-02 20:46:53,ACCESS_DENIED,"ACCESS DENIED - Attempt 1/5"
2026-02-02 20:47:00,ACCESS_DENIED,"ACCESS DENIED - Attempt 2/5"
2026-02-02 20:47:08,ACCESS_DENIED,"ACCESS DENIED - Attempt 3/5"
2026-02-02 20:47:17,ACCESS_GRANTED,"User Abhijeet verified"
2026-02-02 20:47:23,ACCESS_GRANTED,"User Abhijeet verified"
2026-02-02 20:47:28,ACCESS_DENIED,"ACCESS DENIED - Attempt 1/5"
2026-02-02 20:47:36,ACCESS_GRANTED,"User Abhay verified"
2026-02-02 20:47:39,ACCESS_DENIED,"ACCESS DENIED - Attempt 1/5"
2026-02-02 20:47:42,ACCESS_DENIED,"ACCESS DENIED - Attempt 2/5"
2026-02-02 21:45:27,ACCESS_DENIED,"ACCESS DENIED - Attempt 1/5"
2026-02-02 21:45:31,ANOMALY_TIME,"Unusual time: 21:45"
2026-02-02 21:45:33,ANOMALY_TIME,"Unusual time: 21:45"
2026-02-02 21:45:35,ACCESS_DENIED,"ACCESS DENIED - Attempt 2/5"
2026-02-02 21:45:39,ANOMALY_TIME,"Unusual time: 21:45"
2026-02-02 21:45:44,ACCESS_GRANTED,"User Abhay verified"
2026-02-02 21:45:51,ACCESS_GRANTED,"User Abhay verified"
2026-02-02 21:45:57,ACCESS_GRANTED,"User Abhay verified"
2026-02-02 21:46:00,ANOMALY_TIME,"Unusual time: 21:46"
2026-02-02 21:46:02,ACCESS_GRANTED,"User Abhay verified"
2026-02-02 21:46:08,ANOMALY_TIME,"Unusual time: 21:46"
2026-02-02 21:46:09,ACCESS_DENIED,"ACCESS DENIED - Attempt 1/5"
2026-02-02 21:46:12,ACCESS_DENIED,"ACCESS DENIED - Attempt 2/5"
2026-02-02 21:46:15,ACCESS_DENIED,"ACCESS DENIED - Attempt 3/5"
2026-02-02 21:46:19,ACCESS_DENIED,"ACCESS DENIED - Attempt 4/5"
2026-02-02 21:46:26,ACCESS_DENIED,"ACCESS DENIED - Attempt 5/5"
2026-02-02 21:46:26,LOCKDOWN_START,"Max failed attempts reached"
2026-02-02 21:46:42,LOCKDOWN_END,"Lockdown Lifted"
2026-02-02 21:46:42,ACCESS_GRANTED,"User Abhay verified"
2026-02-02 21:46:44,ACCESS_DENIED,"ACCESS DENIED - Attempt 1/5"
2026-02-02 21:54:13,ANOMALY_TIME,"Unusual time: 21:54"
2026-02-02 21:54:37,ACCESS_DENIED,"ACCESS DENIED - Attempt 1/5"
2026-02-02 21:54:39,ACCESS_DENIED,"ACCESS DENIED - Attempt 2/5"
2026-02-02 21:54:47,ACCESS_GRANTED,"User Abhay verified"
2026-02-02 21:54:50,ANOMALY_TIME,"Unusual time: 21:54"
2026-02-02 21:54:52,ACCESS_GRANTED,"User Abhay verified"
2026-02-02 21:54:55,ANOMALY_TIME,"Unusual time: 21:54"
2026-02-02 21:54:56,ANOMALY_TIME,"Unusual time: 21:54"
2026-02-02 21:54:57,ANOMALY_TIME,"Unusual time: 21:54"
2026-02-02 21:54:58,ACCESS_GRANTED,"User Abhay verified"
2026-02-02 21:55:05,ACCESS_GRANTED,"User Abhay verified"
2026-02-02 21:55:05,ANOMALY_TIME,"Unusual time: 21:55"
2026-02-02 21:55:06,ANOMALY_TIME,"Unusual time: 21:55"
2026-02-02 21:55:08,ACCESS_DENIED,"ACCESS DENIED - Attempt 1/5"
2026-02-02 21:55:18,ACCESS_GRANTED,"User Abhay verified"
2026-02-02 21:55:25,ACCESS_DENIED,"ACCESS DENIED - Attempt 1/5"
2026-02-02 21:55:27,ACCESS_DENIED,"ACCESS DENIED - Attempt 2/5"
2026-02-02 21:55:28,ANOMALY_TIME,"Unusual time: 21:55"
2026-02-02 21:55:31,ANOMALY_TIME,"Unusual time: 21:55"
2026-02-02 21:55:34,ACCESS_GRANTED,"User Abhay verified"
2026-02-02 21:55:34,ANOMALY_TIME,"Unusual time: 21:55"
2026-02-02 22:03:20,ACCESS_GRANTED,"User Abhay verified"
2026-02-02 22:03:20,ANOMALY_TIME,"Unusual time: 22:03"
2026-02-02 22:03:31,ACCESS_GRANTED,"User Abhay verified"
2026-02-02 22:03:34,ANOMALY_TIME,"Unusual time: 22:03"
2026-02-02 22:03:39,ACCESS_GRANTED,"User Abhijeet verified"
2026-02-02 22:03:45,ACCESS_GRANTED,"User Abhijeet verified"
2026-02-02 22:03:45,ANOMALY_TIME,"Unusual time: 22:03"
2026-02-02 22:03:51,ANOMALY_TIME,"Unusual time: 22:03"
2026-02-02 22:03:53,ACCESS_DENIED,"ACCESS DENIED - Attempt 1/5"
2026-02-02 22:03:55,ANOMALY_TIME,"Unusual time: 22:03"
2026-02-02 22:04:01,ACCESS_GRANTED,"User Abhijeet verified"
2026-02-02 22:04:02,ANOMALY_TIME,"Unusual time: 22:04"
2026-02-02 22:04:06,ACCESS_DENIED,"ACCESS DENIED - Attempt 1/5"
2026-02-02 22:04:13,ACCESS_GRANTED,"User Abhijeet verified"
2026-02-02 22:04:23,ACCESS_GRANTED,"User Abhay verified"
2026-02-02 22:04:31,ACCESS_GRANTED,"User Abhay verified"
2026-02-02 22:04:37,ACCESS_GRANTED,"User Abhay verified"
2026-02-02 22:04:42,ACCESS_GRANTED,"User Abhay verified"
2026-02-02 22:04:44,ANOMALY_TIME,"Unusual time: 22:04"
2026-02-02 22:07:23,ACCESS_GRANTED,"User Abhay verified"
2026-02-02 22:07:39,ACCESS_GRANTED,"User Abhay verified"
2026-02-02 22:07:39,ANOMALY_TIME,"Unusual time: 22:07"
2026-02-02 22:07:46,ACCESS_DENIED,"ACCESS DENIED - Attempt 1/5"
2026-02-02 22:07:46,ANOMALY_TIME,"Unusual time: 22:07"
2026-02-02 22:07:49,ACCESS_DENIED,"ACCESS DENIED - Attempt 2/5"
2026-02-02 22:07:51,ACCESS_DENIED,"ACCESS DENIED - Attempt 3/5"
2026-02-02 22:07:52,ANOMALY_TIME,"Unusual time: 22:07"
2026-02-02 22:07:54,ACCESS_DENIED,"ACCESS DENIED - Attempt 4/5"
2026-02-02 22:07:59,ANOMALY_TIME,"Unusual time: 22:07"
2026-02-02 22:07:59,ANOMALY_TIME,"Unusual time: 22:07"
2026-02-02 22:08:00,ANOMALY_TIME,"Unusual time: 22:08"
2026-02-02 22:08:04,ACCESS_DENIED,"ACCESS DENIED - Attempt 5/5"
2026-02-02 22:08:04,LOCKDOWN_START,"Max failed attempts reached"
2026-02-02 22:08:04,ANOMALY_TIME,"Unusual time: 22:08"
2026-02-02 22:08:21,LOCKDOWN_END,"Lockdown Lifted"
2026-02-02 22:08:21,ANOMALY_TIME,"Unusual time: 22:08"
2026-02-02 22:08:21,ACCESS_DENIED,"ACCESS DENIED - Attempt 1/5"
2026-02-02 22:08:25,ACCESS_DENIED,"ACCESS DENIED - Attempt 2/5"
2026-02-02 22:08:25,ANOMALY_TIME,"Unusual time: 22:08"
2026-02-02 22:08:27,ANOMALY_TIME,"Unusual time: 22:08"
2026-02-02 22:08:28,ACCESS_DENIED,"ACCESS DENIED - Attempt 3/5"
2026-02-02 22:08:31,ACCESS_DENIED,"ACCESS DENIED - Attempt 4/5"
2026-02-02 22:08:31,ANOMALY_TIME,"Unusual time: 22:08"
2026-02-02 22:08:34,ACCESS_DENIED,"ACCESS DENIED - Attempt 5/5"
2026-02-02 22:08:34,LOCKDOWN_START,"Max failed attempts reached"
2026-02-02 22:09:52,ANOMALY_TIME,"Unusual time: 22:09"
2026-02-02 22:10:11,ACCESS_GRANTED,"User Abhijeet verified"
2026-02-02 22:10:12,ANOMALY_TIME,"Unusual time: 22:10"
2026-02-02 22:10:16,ACCESS_DENIED,"ACCESS DENIED - Attempt 1/5"
2026-02-02 22:10:16,ANOMALY_TIME,"Unusual time: 22:10"
2026-02-02 22:10:25,ACCESS_GRANTED,"User Abhijeet verified"
2026-02-02 22:10:29,ANOMALY_TIME,"Unusual time: 22:10"
2026-02-02 22:10:30,ACCESS_GRANTED,"User Abhijeet verified"
2026-02-02 22:10:33,ACCESS_DENIED,"ACCESS DENIED - Attempt 1/5"
2026-02-02 22:10:34,ANOMALY_TIME,"Unusual time: 22:10"
2026-02-02 22:10:34,ANOMALY_TIME,"Unusual time: 22:10"
2026-02-02 22:10:35,ACCESS_DENIED,"ACCESS DENIED - Attempt 2/5"
2026-02-02 22:10:40,ACCESS_DENIED,"ACCESS DENIED - Attempt 3/5"
2026-02-02 22:10:42,ACCESS_DENIED,"ACCESS DENIED - Attempt 4/5"
2026-02-02 22:10:44,ANOMALY_TIME,"Unusual time: 22:10"
2026-02-02 22:10:44,ANOMALY_IDENTITY,"Multiple Identities (3)"
2026-02-02 22:10:45,ANOMALY_TIME,"Unusual time: 22:10"
2026-02-02 22:10:46,ANOMALY_TIME,"Unusual time: 22:10"
2026-02-02 22:10:49,ACCESS_GRANTED,"User Abhay verified"
2026-02-02 22:10:55,ACCESS_GRANTED,"User Abhay verified"
2026-02-02 22:10:58,ANOMALY_TIME,"Unusual time: 22:10"
2026-02-02 22:14:01,ACCESS_GRANTED,"User Abhay verified"
2026-02-02 22:14:12,ACCESS_DENIED,"ACCESS DENIED - Attempt 1/5"
2026-02-02 22:14:14,ACCESS_DENIED,"ACCESS DENIED - Attempt 2/5"
2026-02-02 22:14:19,ACCESS_DENIED,"ACCESS DENIED - Attempt 3/5"
2026-02-02 22:14:21,ACCESS_DENIED,"ACCESS DENIED - Attempt 4/5"
2026-02-02 22:14:25,ANOMALY_TIME,"Unusual time: 22:14"
2026-02-02 22:14:26,ANOMALY_TIME,"Unusual time: 22:14"
2026-02-02 22:14:29,ACCESS_GRANTED,"User Abhijeet verified"
2026-02-02 22:14:32,ANOMALY_TIME,"Unusual time: 22:14"
2026-02-02 22:14:33,ACCESS_DENIED,"ACCESS DENIED - Attempt 1/5"
2026-02-02 22:14:35,ANOMALY_TIME,"Unusual time: 22:14"
2026-02-02 22:14:36,ACCESS_DENIED,"ACCESS DENIED - Attempt 2/5"
2026-02-02 22:14:46,ACCESS_GRANTED,"User Abhijeet verified"
2026-02-02 22:14:55,ANOMALY_TIME,"Unusual time: 22:14"
2026-02-02 22:14:56,ACCESS_GRANTED,"User Abhay verified"
2026-02-02 22:18:17,ACCESS_GRANTED,"User Abhay verified"
2026-02-02 22:18:29,ACCESS_GRANTED,"User Abhay verified"
2026-02-02 22:18:34,ACCESS_DENIED,"ACCESS DENIED - Attempt 1/5"
2026-02-02 22:18:43,ACCESS_DENIED,"ACCESS DENIED - Attempt 2/5"
2026-02-02 22:18:50,ACCESS_GRANTED,"User Abhijeet verified"
2026-02-02 22:18:55,ANOMALY_TIME,"Unusual time: 22:18"
2026-02-02 22:18:55,ANOMALY_IDENTITY,"Multiple Identities (3)"
2026-02-02 22:19:00,ACCESS_GRANTED,"User Abhay verified"
2026-02-02 22:19:09,ACCESS_DENIED,"ACCESS DENIED - Attempt 1/5"
2026-02-03 15:45:11,ACCESS_DENIED,"ACCESS DENIED - Attempt 1/5"
2026-02-03 15:45:31,ACCESS_DENIED,"ACCESS DENIED - Attempt 2/5"
2026-02-03 15:45:34,ACCESS_DENIED,"ACCESS DENIED - Attempt 3/5"
2026-02-03 15:45:37,ACCESS_DENIED,"ACCESS DENIED - Attempt 4/5"
2026-02-03 15:45:40,ACCESS_DENIED,"ACCESS DENIED - Attempt 5/5"
2026-02-03 15:45:40,LOCKDOWN_START,"Max failed attempts reached"
2026-02-03 15:45:55,LOCKDOWN_END,"Lockdown Lifted"
2026-02-03 15:45:57,ACCESS_DENIED,"ACCESS DENIED - Attempt 1/5"
2026-02-03 15:46:06,ACCESS_DENIED,"ACCESS DENIED - Attempt 2/5"
2026-02-03 15:46:10,ACCESS_DENIED,"ACCESS DENIED - Attempt 3/5"
2026-02-03 15:46:13,ACCESS_DENIED,"ACCESS DENIED - Attempt 4/5"
2026-02-03 15:46:16,ACCESS_DENIED,"ACCESS DENIED - Attempt 5/5"
2026-02-03 15:46:16,LOCKDOWN_START,"Max failed attempts reached"
2026-02-04 01:50:30,ANOMALY_TIME,"Unusual time: 01:50"
2026-02-04 01:50:44,ACCESS_DENIED,"ACCESS DENIED - Attempt 1/5"
2026-02-04 01:50:46,ANOMALY_TIME,"Unusual time: 01:50"
2026-02-04 01:50:47,ACCESS_DENIED,"ACCESS DENIED - Attempt 2/5"
2026-02-04 01:50:48,ANOMALY_TIME,"Unusual time: 01:50"
2026-02-04 01:50:48,ANOMALY_IDENTITY,"Multiple Identities (3)"
2026-02-04 01:50:52,ACCESS_GRANTED,"User Abhay verified"
2026-02-04 01:50:55,ANOMALY_TIME,"Unusual time: 01:50"
2026-02-04 01:50:55,ANOMALY_IDENTITY,"Multiple Identities (3)"
2026-02-04 01:50:57,ANOMALY_TIME,"Unusual time: 01:50"
2026-02-04 01:50:57,ANOMALY_IDENTITY,"Multiple Identities (3)"
2026-02-04 01:50:59,ACCESS_GRANTED,"User Abhay verified"
2026-02-04 01:51:04,ACCESS_GRANTED,"User Abhay verified"
2026-02-04 01:51:11,ACCESS_GRANTED,"User Abhay verified"
2026-02-04 01:51:11,ANOMALY_TIME,"Unusual time: 01:51"
2026-02-04 01:51:20,ACCESS_GRANTED,"User Abhay verified"
2026-02-04 01:51:28,ACCESS_DENIED,"ACCESS DENIED - Attempt 1/5"
2026-02-04 01:51:31,ACCESS_DENIED,"ACCESS DENIED - Attempt 2/5"
2026-02-04 01:51:34,ANOMALY_TIME,"Unusual time: 01:51"
2026-02-04 01:51:37,ACCESS_GRANTED,"User Abhay verified"
2026-02-04 01:51:37,ANOMALY_TIME,"Unusual time: 01:51"
2026-02-04 01:51:43,ACCESS_GRANTED,"User Abhay verified"
2026-02-04 01:51:50,ACCESS_GRANTED,"User Abhay verified"
2026-02-04 01:51:54,ANOMALY_TIME,"Unusual time: 01:51"
2026-02-04 01:51:55,ACCESS_GRANTED,"User Abhay verified"
2026-02-04 01:52:02,ACCESS_GRANTED,"User Abhay verified"
2026-02-04 01:52:05,ANOMALY_TIME,"Unusual time: 01:52"
2026-02-04 01:52:06,ANOMALY_TIME,"Unusual time: 01:52"
2026-02-04 01:52:07,ANOMALY_TIME,"Unusual time: 01:52"
2026-02-04 01:52:08,ACCESS_GRANTED,"User Abhay verified"
2026-02-04 01:52:14,ACCESS_GRANTED,"User Abhay verified"
2026-02-04 01:52:23,ACCESS_GRANTED,"User Abhay verified"
2026-02-04 01:52:30,ANOMALY_TIME,"Unusual time: 01:52"
2026-02-04 01:52:30,ACCESS_GRANTED,"User Abhay verified"
2026-02-04 01:52:37,ACCESS_GRANTED,"User Abhay verified"
2026-02-04 01:52:40,ANOMALY_TIME,"Unusual time: 01:52"
2026-02-04 01:52:52,ACCESS_DENIED,"ACCESS DENIED - Attempt 1/5"
2026-02-04 01:53:00,ACCESS_GRANTED,"User Abhay verified"
2026-02-04 01:53:17,ANOMALY_TIME,"Unusual time: 01:53"
2026-02-04 01:53:17,ACCESS_GRANTED,"User Abhay verified"
2026-02-04 01:53:21,ACCESS_DENIED,"ACCESS DENIED - Attempt 1/5"
2026-02-04 02:06:03,ACCESS_DENIED,"ACCESS DENIED - Attempt 1/5"
2026-02-04 02:06:16,ACCESS_DENIED,"ACCESS DENIED - Attempt 2/5"
2026-02-04 02:06:20,ACCESS_DENIED,"ACCESS DENIED - Attempt 3/5"
2026-02-04 02:06:27,ACCESS_GRANTED,"User Abhay verified"
2026-02-04 02:06:37,ACCESS_GRANTED,"User Abhay verified"
2026-02-04 02:06:38,ANOMALY_TIME,"Unusual time: 02:06"
2026-02-04 02:06:43,ACCESS_GRANTED,"User Abhay verified"
2026-02-04 02:06:45,ANOMALY_TIME,"Unusual time: 02:06"
2026-02-04 02:06:53,ACCESS_GRANTED,"User Abhay verified"
2026-02-04 02:14:17,ACCESS_GRANTED,"User Abhay verified"
2026-02-04 02:14:31,ACCESS_DENIED,"ACCESS DENIED - Attempt 1/5"
2026-02-04 02:14:34,ACCESS_DENIED,"ACCESS DENIED - Attempt 2/5"
2026-02-04 02:14:34,ANOMALY_TIME,"Unusual time: 02:14"
2026-02-04 02:14:40,ACCESS_GRANTED,"User Abhay verified"
2026-02-04 02:14:46,ACCESS_GRANTED,"User Abhay verified"
2026-02-04 02:14:50,ANOMALY_TIME,"Unusual time: 02:14"
2026-02-04 02:14:52,ACCESS_DENIED,"ACCESS DENIED - Attempt 1/5"
2026-02-04 02:14:53,ANOMALY_TIME,"Unusual time: 02:14"
2026-02-04 02:14:55,ACCESS_DENIED,"ACCESS DENIED - Attempt 2/5"
2026-02-04 02:14:58,ACCESS_DENIED,"ACCESS DENIED - Attempt 3/5"
2026-02-04 02:15:05,ACCESS_GRANTED,"User Abhay verified"
2026-02-04 02:15:10,ANOMALY_TIME,"Unusual time: 02:15"
2026-02-04 02:15:12,ACCESS_GRANTED,"User Abhay verified"
2026-02-04 02:15:13,ANOMALY_TIME,"Unusual time: 02:15"
2026-02-04 02:15:18,ANOMALY_TIME,"Unusual time: 02:15"
2026-02-04 02:15:19,ACCESS_GRANTED,"User Abhay verified"
2026-02-04 02:15:25,ACCESS_GRANTED,"User Abhay verified"
2026-02-04 02:15:31,ACCESS_GRANTED,"User Abhay verified"
2026-02-04 02:15:36,ANOMALY_TIME,"Unusual time: 02:15"
2026-02-04 02:15:37,ACCESS_GRANTED,"User Abhay verified"
2026-02-04 02:15:42,ACCESS_GRANTED,"User Abhay verified"
2026-02-04 02:15:49,ACCESS_GRANTED,"User Abhay verified"
2026-02-04 02:15:49,ANOMALY_TIME,"Unusual time: 02:15"
2026-02-04 02:15:52,ANOMALY_TIME,"Unusual time: 02:15"
2026-02-04 02:15:54,ANOMALY_TIME,"Unusual time: 02:15"
2026-02-04 02:15:57,ACCESS_GRANTED,"User Abhay verified"
2026-02-04 13:39:31,ACCESS_GRANTED,"User Abhay verified"
2026-02-04 13:41:46,ACCESS_GRANTED,"User Abhay verified"
2026-02-04 13:42:30,ACCESS_DENIED,"ACCESS DENIED - Attempt 1/5"
2026-02-04 13:42:37,ACCESS_GRANTED,"User Abhay verified"
2026-02-04 13:42:48,ANOMALY_IDENTITY,"Multiple Identities (3)"
2026-02-04 13:42:51,ACCESS_GRANTED,"User Abhay verified"
2026-02-04 13:42:53,ACCESS_DENIED,"ACCESS DENIED - Attempt 1/5"
2026-02-04 13:42:57,ACCESS_DENIED,"ACCESS DENIED - Attempt 2/5"
2026-02-04 13:44:18,ACCESS_DENIED,"ACCESS DENIED - Attempt 3/5"
2026-02-04 13:44:18,ANOMALY_IDENTITY,"Multiple Identities (3)"
2026-02-04 13:44:21,ACCESS_DENIED,"ACCESS DENIED - Attempt 4/5"
2026-02-04 13:44:23,ACCESS_DENIED,"ACCESS DENIED - Attempt 5/5"
2026-02-04 13:44:23,LOCKDOWN_START,"Max failed attempts reached"
2026-02-04 13:44:39,LOCKDOWN_END,"Lockdown Lifted"
2026-02-04 13:44:39,ACCESS_GRANTED,"User Abhijeet verified"
2026-02-04 14:12:14,ACCESS_DENIED,"ACCESS DENIED - Attempt 1/5"
2026-02-04 14:12:14,ANOMALY_IDENTITY,"Multiple Identities (3)"
2026-02-04 14:12:26,ACCESS_GRANTED,"User Abhay verified"
2026-02-04 14:21:54,ACCESS_GRANTED,"User Abhay verified"
2026-02-04 14:22:14,ANOMALY_IDENTITY,"Multiple Identities (3)"
2026-02-04 14:22:24,ANOMALY_IDENTITY,"Multiple Identities (4)"
2026-02-04 14:22:25,ANOMALY_IDENTITY,"Multiple Identities (4)"
2026-02-04 14:22:26,ANOMALY_IDENTITY,"Multiple Identities (4)"
2026-02-04 14:22:27,ACCESS_DENIED,"ACCESS DENIED - Attempt 1/5"
2026-02-04 14:22:37,ACCESS_GRANTED,"User Abhay verified"
2026-02-04 14:22:47,ACCESS_GRANTED,"User Abhay verified"
2026-02-04 14:22:55,ACCESS_DENIED,"ACCESS DENIED - Attempt 1/5"
2026-02-04 14:23:51,ACCESS_DENIED,"ACCESS DENIED - Attempt 2/5"
2026-02-04 14:23:56,ACCESS_DENIED,"ACCESS DENIED - Attempt 3/5"
2026-02-04 14:24:01,ACCESS_DENIED,"ACCESS DENIED - Attempt 4/5"
2026-02-04 14:24:07,ACCESS_DENIED,"ACCESS DENIED - Attempt 5/5"
2026-02-04 14:24:07,LOCKDOWN_START,"Max failed attempts reached"
2026-02-04 14:24:23,LOCKDOWN_END,"Lockdown Lifted"
2026-02-04 14:24:28,ACCESS_DENIED,"ACCESS DENIED - Attempt 1/5"
2026-02-04 14:24:31,ACCESS_DENIED,"ACCESS DENIED - Attempt 2/5"
2026-02-04 14:24:41,ACCESS_DENIED,"ACCESS DENIED - Attempt 3/5"
2026-02-04 14:24:44,ACCESS_DENIED,"ACCESS DENIED - Attempt 4/5"
2026-02-04 14:25:18,ACCESS_DENIED,"ACCESS DENIED - Attempt 5/5"
2026-02-04 14:25:18,LOCKDOWN_START,"Max failed attempts reached"
2026-02-04 14:25:34,LOCKDOWN_END,"Lockdown Lifted"
2026-02-04 14:25:34,ACCESS_GRANTED,"User Abhijeet verified"
2026-03-11 00:14:09,ACCESS_DENIED,"ACCESS DENIED - Attempt 1/5"
2026-03-11 00:14:12,ACCESS_DENIED,"ACCESS DENIED - Attempt 2/5"
2026-03-11 00:14:18,ACCESS_DENIED,"ACCESS DENIED - Attempt 3/5"
2026-03-11 00:14:21,ACCESS_DENIED,"ACCESS DENIED - Attempt 4/5"
2026-03-11 00:14:24,ACCESS_DENIED,"ACCESS DENIED - Attempt 5/5"
2026-03-11 00:14:24,LOCKDOWN_START,"Max failed attempts reached"
2026-03-11 00:14:24,ANOMALY_TIME,"Unusual time: 00:14"
2026-03-11 00:14:39,LOCKDOWN_END,"Lockdown Lifted"
2026-03-11 00:14:39,ACCESS_DENIED,"ACCESS DENIED - Attempt 1/5"
2026-03-11 00:14:43,ACCESS_DENIED,"ACCESS DENIED - Attempt 2/5"
2026-03-11 00:14:46,ACCESS_DENIED,"ACCESS DENIED - Attempt 3/5"
2026-03-11 00:14:51,ACCESS_DENIED,"ACCESS DENIED - Attempt 4/5"
2026-03-11 00:14:54,ACCESS_DENIED,"ACCESS DENIED - Attempt 5/5"
2026-03-11 00:14:54,LOCKDOWN_START,"Max failed attempts reached"
2026-03-11 00:15:10,LOCKDOWN_END,"Lockdown Lifted"
2026-03-11 00:15:10,ACCESS_DENIED,"ACCESS DENIED - Attempt 1/5"
2026-03-11 00:15:13,ACCESS_DENIED,"ACCESS DENIED - Attempt 2/5"
2026-03-11 00:15:13,ANOMALY_TIME,"Unusual time: 00:15"
2026-03-11 00:15:13,ANOMALY_IDENTITY,"Multiple Identities (3)"
2026-03-11 00:15:16,ACCESS_DENIED,"ACCESS DENIED - Attempt 3/5"
2026-03-11 00:15:19,ACCESS_DENIED,"ACCESS DENIED - Attempt 4/5"
2026-03-11 00:15:19,ANOMALY_TIME,"Unusual time: 00:15"
2026-03-11 00:15:23,ACCESS_DENIED,"ACCESS DENIED - Attempt 5/5"
2026-03-11 00:15:23,LOCKDOWN_START,"Max failed attempts reached"
2026-03-11 00:15:39,LOCKDOWN_END,"Lockdown Lifted"
2026-03-11 00:15:39,ACCESS_DENIED,"ACCESS DENIED - Attempt 1/5"
2026-03-11 00:15:39,ANOMALY_CONF,"Low Avg Confidence (57.2%)"
2026-03-11 00:15:39,ANOMALY_TIME,"Unusual time: 00:15"
2026-03-11 00:15:42,ACCESS_DENIED,"ACCESS DENIED - Attempt 2/5"
2026-03-11 00:15:46,ACCESS_DENIED,"ACCESS DENIED - Attempt 3/5"
2026-03-11 00:15:49,ACCESS_DENIED,"ACCESS DENIED - Attempt 4/5"
2026-03-11 00:15:50,ANOMALY_TIME,"Unusual time: 00:15"
2026-03-11 00:15:52,ACCESS_DENIED,"ACCESS DENIED - Attempt 5/5"
2026-03-11 00:15:52,LOCKDOWN_START,"Max failed attempts reached"
2026-03-11 00:56:08,ACCESS_DENIED,"ACCESS DENIED - Attempt 1/5"
2026-03-11 00:56:35,ACCESS_DENIED,"ACCESS DENIED - Attempt 2/5"
2026-03-11 00:56:38,ACCESS_DENIED,"ACCESS DENIED - Attempt 3/5"
2026-03-11 00:56:41,ACCESS_DENIED,"ACCESS DENIED - Attempt 4/5"
2026-03-11 00:56:42,ANOMALY_TIME,"Unusual time: 00:56"
2026-03-11 00:56:45,ACCESS_DENIED,"ACCESS DENIED - Attempt 5/5"
2026-03-11 00:56:45,LOCKDOWN_START,"Max failed attempts reached"
2026-03-11 00:57:01,LOCKDOWN_END,"Lockdown Lifted"
2026-03-11 00:57:01,ACCESS_DENIED,"ACCESS DENIED - Attempt 1/5"
2026-03-11 00:57:04,ACCESS_DENIED,"ACCESS DENIED - Attempt 2/5"
2026-03-11 00:57:07,ACCESS_DENIED,"ACCESS DENIED - Attempt 3/5"
2026-03-11 00:57:11,ACCESS_DENIED,"ACCESS DENIED - Attempt 4/5"
2026-03-11 00:57:14,ACCESS_DENIED,"ACCESS DENIED - Attempt 5/5"
2026-03-11 00:57:14,LOCKDOWN_START,"Max failed attempts reached"
2026-03-11 00:57:29,LOCKDOWN_END,"Lockdown Lifted"
2026-03-11 00:57:29,ACCESS_DENIED,"ACCESS DENIED - Attempt 1/5"
2026-03-11 00:57:33,ACCESS_DENIED,"ACCESS DENIED - Attempt 2/5"
2026-03-11 00:57:36,ACCESS_DENIED,"ACCESS DENIED - Attempt 3/5"
2026-03-11 00:57:40,ACCESS_DENIED,"ACCESS DENIED - Attempt 4/5"
2026-03-11 00:57:42,ANOMALY_TIME,"Unusual time: 00:57"
2026-03-11 00:57:43,ACCESS_DENIED,"ACCESS DENIED - Attempt 5/5"
2026-03-11 00:57:43,LOCKDOWN_START,"Max failed attempts reached"
2026-03-11 01:09:04,ACCESS_DENIED,"ACCESS DENIED - Attempt 1/5"
2026-03-11 01:09:19,ACCESS_DENIED,"ACCESS DENIED - Attempt 2/5"
2026-03-11 01:09:22,ACCESS_DENIED,"ACCESS DENIED - Attempt 3/5"
2026-03-11 01:09:28,ACCESS_DENIED,"ACCESS DENIED - Attempt 4/5"
2026-03-11 01:09:31,ACCESS_DENIED,"ACCESS DENIED - Attempt 5/5"
2026-03-11 01:09:31,LOCKDOWN_START,"Max failed attempts reached"
2026-03-11 01:09:46,LOCKDOWN_END,"Lockdown Lifted"
2026-03-11 01:09:46,ACCESS_DENIED,"ACCESS DENIED - Attempt 1/5"
2026-03-11 01:09:50,ACCESS_DENIED,"ACCESS DENIED - Attempt 2/5"
2026-03-11 01:09:53,ACCESS_DENIED,"ACCESS DENIED - Attempt 3/5"
2026-03-11 01:09:57,ACCESS_DENIED,"ACCESS DENIED - Attempt 4/5"
2026-03-11 01:09:58,ANOMALY_TIME,"Unusual time: 01:09"
2026-03-11 01:10:06,ACCESS_GRANTED,"User Abhijeet verified"
2026-03-11 01:10:12,ANOMALY_TIME,"Unusual time: 01:10"
2026-03-11 01:10:13,ACCESS_DENIED,"ACCESS DENIED - Attempt 1/5"
2026-03-11 01:10:16,ACCESS_DENIED,"ACCESS DENIED - Attempt 2/5"
2026-03-11 01:10:20,ACCESS_DENIED,"ACCESS DENIED - Attempt 3/5"
2026-03-11 01:10:29,ACCESS_GRANTED,"User Abhijeet verified"
2026-03-11 01:38:13,ACCESS_GRANTED,"User Abhijeet verified"
2026-03-11 01:39:00,ACCESS_GRANTED,"User Abhijeet verified"
2026-03-11 01:40:00,ACCESS_GRANTED,"User Abhijeet verified"
2026-03-11 01:40:00,ANOMALY_TIME,"Unusual time: 01:40"
2026-03-11 01:40:34,ACCESS_GRANTED,"User Abhijeet verified"
2026-03-11 01:42:07,ACCESS_GRANTED,"User Abhijeet verified"
2026-03-11 01:42:22,ACCESS_DENIED,"ACCESS DENIED - Attempt 1/5"
2026-03-11 01:42:24,ACCESS_DENIED,"ACCESS DENIED - Attempt 2/5"
2026-03-11 01:42:27,ACCESS_DENIED,"ACCESS DENIED - Attempt 3/5"
2026-03-11 01:42:30,ANOMALY_CONF,"Low Avg Confidence (47.9%)"
2026-03-11 01:42:30,ANOMALY_TIME,"Unusual time: 01:42"
2026-03-11 01:42:30,ANOMALY_IDENTITY,"Multiple Identities (3)"
2026-03-11 01:42:31,ACCESS_DENIED,"ACCESS DENIED - Attempt 4/5"
2026-03-11 01:42:34,ACCESS_DENIED,"ACCESS DENIED - Attempt 5/5"
2026-03-11 01:42:34,LOCKDOWN_START,"Max failed attempts reached"
2026-03-11 01:42:34,ANOMALY_CONF,"Low Avg Confidence (58.5%)"
2026-03-11 01:42:34,ANOMALY_TIME,"Unusual time: 01:42"
2026-03-11 01:42:49,LOCKDOWN_END,"Lockdown Lifted"
2026-03-11 01:42:49,ACCESS_DENIED,"ACCESS DENIED - Attempt 1/5"
2026-03-11 01:42:53,ACCESS_DENIED,"ACCESS DENIED - Attempt 2/5"
2026-03-11 01:42:56,ACCESS_DENIED,"ACCESS DENIED - Attempt 3/5"
2026-03-11 01:43:33,ACCESS_DENIED,"ACCESS DENIED - Attempt 1/5"
2026-03-11 01:43:48,ACCESS_DENIED,"ACCESS DENIED - Attempt 2/5"
2026-03-11 01:43:52,ACCESS_DENIED,"ACCESS DENIED - Attempt 3/5"
2026-03-11 01:43:54,ACCESS_DENIED,"ACCESS DENIED - Attempt 4/5"
2026-03-11 01:43:58,ACCESS_DENIED,"ACCESS DENIED - Attempt 5/5"
2026-03-11 01:43:58,LOCKDOWN_START,"Max failed attempts reached"
2026-03-11 01:44:13,LOCKDOWN_END,"Lockdown Lifted"
2026-03-11 01:44:13,ACCESS_DENIED,"ACCESS DENIED - Attempt 1/5"
2026-03-11 01:44:15,ANOMALY_TIME,"Unusual time: 01:44"
2026-03-11 01:44:16,ACCESS_DENIED,"ACCESS DENIED - Attempt 2/5"
2026-03-11 01:44:20,ACCESS_DENIED,"ACCESS DENIED - Attempt 3/5"
2026-03-11 01:44:21,ANOMALY_TIME,"Unusual time: 01:44"
2026-03-11 01:44:30,ACCESS_GRANTED,"User Abhay verified"
2026-03-11 01:44:33,ACCESS_DENIED,"ACCESS DENIED - Attempt 1/5"
2026-03-11 01:44:35,ACCESS_DENIED,"ACCESS DENIED - Attempt 2/5"
2026-03-11 01:44:39,ACCESS_DENIED,"ACCESS DENIED - Attempt 3/5"
2026-03-11 01:44:39,ANOMALY_TIME,"Unusual time: 01:44"
2026-04-20 15:27:48,ACCESS_DENIED,"ACCESS DENIED - Attempt 1/5"
2026-04-20 15:27:48,ANOMALY_IDENTITY,"Multiple Identities (3)"
2026-04-20 15:35:16,ACCESS_DENIED,"ACCESS DENIED - Attempt 1/5"
2026-04-20 15:36:01,ACCESS_DENIED,"ACCESS DENIED - Attempt 2/5"
2026-04-20 15:36:04,ACCESS_DENIED,"ACCESS DENIED - Attempt 3/5"
2026-04-20 15:36:07,ACCESS_DENIED,"ACCESS DENIED - Attempt 4/5"
2026-04-20 15:36:11,ANOMALY_CONF,"Low Avg Confidence (53.2%)"
2026-04-20 15:36:12,ACCESS_DENIED,"ACCESS DENIED - Attempt 5/5"
2026-04-20 15:36:12,LOCKDOWN_START,"Max failed attempts reached"
2026-04-20 15:36:28,LOCKDOWN_END,"Lockdown Lifted"
2026-04-20 15:36:37,ACCESS_DENIED,"ACCESS DENIED - Attempt 1/5"
2026-04-20 15:36:40,ACCESS_DENIED,"ACCESS DENIED - Attempt 2/5"
2026-04-20 15:36:45,ACCESS_DENIED,"ACCESS DENIED - Attempt 3/5"
2026-04-20 15:37:04,ACCESS_DENIED,"ACCESS DENIED - Attempt 4/5"
2026-04-20 15:37:07,ACCESS_DENIED,"ACCESS DENIED - Attempt 5/5"
2026-04-20 15:37:07,LOCKDOWN_START,"Max failed attempts reached"
2026-04-20 15:37:24,LOCKDOWN_END,"Lockdown Lifted"
2026-04-20 15:37:25,ACCESS_DENIED,"ACCESS DENIED - Attempt 1/5"
2026-04-20 15:37:28,ACCESS_DENIED,"ACCESS DENIED - Attempt 2/5"
2026-04-20 15:37:31,ACCESS_DENIED,"ACCESS DENIED - Attempt 3/5"
2026-04-20 15:37:37,ACCESS_DENIED,"ACCESS DENIED - Attempt 4/5"
2026-04-20 15:37:40,ACCESS_DENIED,"ACCESS DENIED - Attempt 5/5"
2026-04-20 15:37:40,LOCKDOWN_START,"Max failed attempts reached"
2026-04-20 15:37:57,LOCKDOWN_END,"Lockdown Lifted"
2026-04-20 15:37:58,ACCESS_DENIED,"ACCESS DENIED - Attempt 1/5"
2026-04-20 15:38:02,ACCESS_DENIED,"ACCESS DENIED - Attempt 2/5"
2026-04-20 15:38:05,ACCESS_DENIED,"ACCESS DENIED - Attempt 3/5"
2026-04-20 15:38:10,ACCESS_DENIED,"ACCESS DENIED - Attempt 4/5"
2026-04-20 15:38:14,ACCESS_DENIED,"ACCESS DENIED - Attempt 5/5"
2026-04-20 15:38:14,LOCKDOWN_START,"Max failed attempts reached"
2026-04-20 15:38:54,LOCKDOWN_END,"Lockdown Lifted"
2026-04-20 15:38:56,ACCESS_DENIED,"ACCESS DENIED - Attempt 1/5"
2026-04-20 15:39:02,ACCESS_DENIED,"ACCESS DENIED - Attempt 2/5"
2026-04-20 15:39:06,ACCESS_DENIED,"ACCESS DENIED - Attempt 3/5"
2026-04-20 15:39:10,ACCESS_DENIED,"ACCESS DENIED - Attempt 4/5"
2026-04-20 15:39:21,ACCESS_DENIED,"ACCESS DENIED - Attempt 5/5"
2026-04-20 15:39:21,LOCKDOWN_START,"Max failed attempts reached"
2026-04-20 15:39:37,LOCKDOWN_END,"Lockdown Lifted"
2026-04-20 15:39:39,ACCESS_DENIED,"ACCESS DENIED - Attempt 1/5"
2026-04-20 16:15:32,ACCESS_DENIED,"ACCESS DENIED - Attempt 1/5"
2026-04-20 16:18:20,ACCESS_DENIED,"ACCESS DENIED - Attempt 1/5"
2026-04-20 16:18:36,ACCESS_DENIED,"ACCESS DENIED - Attempt 2/5"
2026-04-20 16:18:38,ANOMALY_CONF,"Low Avg Confidence (47.4%)"
2026-04-20 16:18:38,ANOMALY_IDENTITY,"Multiple Identities (3)"
2026-04-20 16:18:39,ACCESS_DENIED,"ACCESS DENIED - Attempt 3/5"
2026-04-20 16:18:44,ACCESS_DENIED,"ACCESS DENIED - Attempt 4/5"
2026-04-20 16:18:44,ANOMALY_CONF,"Low Avg Confidence (55.3%)"
2026-04-20 16:18:55,ACCESS_DENIED,"ACCESS DENIED - Attempt 5/5"
2026-04-20 16:18:55,LOCKDOWN_START,"Max failed attempts reached"
2026-04-20 16:19:11,LOCKDOWN_END,"Lockdown Lifted"
2026-04-20 16:19:11,ACCESS_DENIED,"ACCESS DENIED - Attempt 1/5"
2026-04-20 16:19:17,ACCESS_DENIED,"ACCESS DENIED - Attempt 2/5"
2026-04-20 16:19:17,ANOMALY_IDENTITY,"Multiple Identities (3)"
2026-04-20 16:19:20,ACCESS_DENIED,"ACCESS DENIED - Attempt 3/5"
2026-04-20 16:19:23,ACCESS_DENIED,"ACCESS DENIED - Attempt 4/5"
2026-04-20 16:19:27,ANOMALY_IDENTITY,"Multiple Identities (3)"
2026-04-20 16:19:28,ACCESS_DENIED,"ACCESS DENIED - Attempt 5/5"
2026-04-20 16:19:28,LOCKDOWN_START,"Max failed attempts reached"
2026-04-20 16:19:44,LOCKDOWN_END,"Lockdown Lifted"
2026-04-20 16:19:44,ACCESS_DENIED,"ACCESS DENIED - Attempt 1/5"
2026-04-20 16:19:48,ACCESS_DENIED,"ACCESS DENIED - Attempt 2/5"
2026-04-20 16:19:51,ACCESS_DENIED,"ACCESS DENIED - Attempt 3/5"
2026-04-20 16:19:56,ACCESS_DENIED,"ACCESS DENIED - Attempt 4/5"
2026-04-20 16:20:02,ACCESS_DENIED,"ACCESS DENIED - Attempt 5/5"
2026-04-20 16:20:02,LOCKDOWN_START,"Max failed attempts reached"
2026-04-20 16:20:17,LOCKDOWN_END,"Lockdown Lifted"
2026-04-20 16:20:19,ACCESS_DENIED,"ACCESS DENIED - Attempt 1/5"
2026-04-20 16:20:24,ACCESS_DENIED,"ACCESS DENIED - Attempt 2/5"
2026-04-20 16:20:27,ACCESS_DENIED,"ACCESS DENIED - Attempt 3/5"
2026-04-20 16:20:27,ANOMALY_IDENTITY,"Multiple Identities (3)"
2026-04-20 16:20:30,ACCESS_DENIED,"ACCESS DENIED - Attempt 4/5"
2026-04-20 16:20:36,ACCESS_DENIED,"ACCESS DENIED - Attempt 5/5"
2026-04-20 16:20:36,LOCKDOWN_START,"Max failed attempts reached"
2026-04-20 16:20:54,LOCKDOWN_END,"Lockdown Lifted"
2026-04-20 16:20:55,ACCESS_DENIED,"ACCESS DENIED - Attempt 1/5"
2026-04-20 16:20:59,ACCESS_DENIED,"ACCESS DENIED - Attempt 2/5"
2026-04-20 16:21:01,ACCESS_DENIED,"ACCESS DENIED - Attempt 3/5"
2026-04-20 16:21:06,ACCESS_DENIED,"ACCESS DENIED - Attempt 4/5"
2026-04-20 16:21:10,ACCESS_DENIED,"ACCESS DENIED - Attempt 5/5"
2026-04-20 16:21:10,LOCKDOWN_START,"Max failed attempts reached"
2026-04-20 16:28:44,ANOMALY_IDENTITY,"Multiple Identities (3)"
2026-04-20 16:28:45,ACCESS_DENIED,"ACCESS DENIED - Attempt 1/5"
2026-04-20 16:28:47,ANOMALY_CONF,"Low Avg Confidence (48.4%)"
2026-04-20 16:28:47,ANOMALY_IDENTITY,"Multiple Identities (3)"
2026-04-20 16:28:48,ACCESS_DENIED,"ACCESS DENIED - Attempt 2/5"
2026-04-20 16:28:52,ACCESS_DENIED,"ACCESS DENIED - Attempt 3/5"
2026-04-20 16:28:58,ANOMALY_CONF,"Low Avg Confidence (48.4%)"
2026-04-20 16:28:58,ANOMALY_IDENTITY,"Multiple Identities (3)"
2026-04-20 16:28:59,ACCESS_GRANTED,"User Abhijeet verified"
2026-04-20 16:29:08,ACCESS_DENIED,"ACCESS DENIED - Attempt 1/5"
2026-04-20 16:29:11,ACCESS_DENIED,"ACCESS DENIED - Attempt 2/5"
2026-04-20 16:29:15,ACCESS_DENIED,"ACCESS DENIED - Attempt 3/5"
2026-04-20 16:29:20,ACCESS_DENIED,"ACCESS DENIED - Attempt 4/5"
2026-04-20 16:29:22,ACCESS_DENIED,"ACCESS DENIED - Attempt 5/5"
2026-04-20 16:29:22,LOCKDOWN_START,"Max failed attempts reached"
2026-04-20 16:29:37,LOCKDOWN_END,"Lockdown Lifted"
2026-04-20 16:29:41,ACCESS_DENIED,"ACCESS DENIED - Attempt 1/5"
2026-04-20 16:29:45,ACCESS_DENIED,"ACCESS DENIED - Attempt 2/5"
2026-04-20 16:29:48,ACCESS_DENIED,"ACCESS DENIED - Attempt 3/5"
2026-04-20 16:29:55,ACCESS_DENIED,"ACCESS DENIED - Attempt 4/5"
2026-04-20 16:29:58,ACCESS_DENIED,"ACCESS DENIED - Attempt 5/5"
2026-04-20 16:29:58,LOCKDOWN_START,"Max failed attempts reached"
2026-04-20 16:48:59,ACCESS_DENIED,"ACCESS DENIED - Attempt 1/5"
2026-04-20 16:49:20,ACCESS_DENIED,"ACCESS DENIED - Attempt 2/5"
2026-04-20 16:49:29,ACCESS_GRANTED,"User Abhijeet verified"
2026-04-20 16:49:36,ACCESS_DENIED,"ACCESS DENIED - Attempt 1/5"
2026-04-20 16:49:42,ACCESS_DENIED,"ACCESS DENIED - Attempt 2/5"
2026-04-20 16:49:44,ACCESS_DENIED,"ACCESS DENIED - Attempt 3/5"
2026-04-20 16:49:47,ACCESS_DENIED,"ACCESS DENIED - Attempt 4/5"
2026-04-20 16:49:52,ACCESS_DENIED,"ACCESS DENIED - Attempt 5/5"
2026-04-20 16:49:52,LOCKDOWN_START,"Max failed attempts reached"
2026-04-20 16:49:52,ANOMALY_CONF,"Low Avg Confidence (57.8%)"
2026-04-20 16:50:08,LOCKDOWN_END,"Lockdown Lifted"
2026-04-20 16:50:08,ACCESS_DENIED,"ACCESS DENIED - Attempt 1/5"
2026-04-20 16:50:15,ACCESS_DENIED,"ACCESS DENIED - Attempt 2/5"
2026-04-20 16:50:18,ACCESS_DENIED,"ACCESS DENIED - Attempt 3/5"
2026-04-20 16:50:21,ACCESS_DENIED,"ACCESS DENIED - Attempt 4/5"
2026-04-20 16:50:26,ACCESS_DENIED,"ACCESS DENIED - Attempt 5/5"
2026-04-20 16:50:26,LOCKDOWN_START,"Max failed attempts reached"
2026-04-20 16:50:41,LOCKDOWN_END,"Lockdown Lifted"
2026-04-20 16:50:41,ACCESS_DENIED,"ACCESS DENIED - Attempt 1/5"
2026-04-20 16:54:48,ACCESS_DENIED,"ACCESS DENIED - Attempt 1/5"
2026-04-20 16:55:46,ACCESS_DENIED,"ACCESS DENIED - Attempt 1/5"
2026-04-20 20:09:57,ACCESS_DENIED,"ACCESS DENIED - Attempt 1/5"
